83.0,200011196,Grazzia,perfumes,123
30.0,200036215,Tajalapiz,maquillaje,334
83.0,200039745,Grazzia Exotic,perfumes,178
38.0,200060841,Loción Perfumada Imágenes,cuidado,349
38.0,200064310,Colonia Aromax,cuidado,160
37.0,200064341,Shampoo para Niños Spumatak,cuidado,130
32.0,200078924,Talco Expression,cuidado,453
32.0,200078930,Talco Fiori,cuidado,10
32.0,200078931,Talco Imágenes,cuidado,462
32.0,200078944,Talco Momentos Libertad,cuidado,272
33.0,200080255,Acondicionador Ésens Rizo,cuidado,385
31.0,200080256,Shampoo Ésens Rizos,cuidado,128
30.9,200080270,Acondicionador Liso Máximo,cuidado,410
30.9,200080272,Shampoo Ésens Liso,cuidado,99
52.0,200082461,Crema Tirple Acción 55+,tratamiento,318
75.9,200082462,Crema Tirple Acción 55+,tratamiento,32
64.0,200082571,Shampoo Agu Propóleo Mañanas Felices,cuidado,219
64.0,200082592,Shampoo Agu Almendras Sueños de Amor,cuidado,127
64.0,200082652,Shampoo Agú Mañanas Felices Miel y Avena,cuidado,111
38.0,200082674,Colonia Kelly Tech,cuidado,12
38.0,200082678,Colonia Rubi Divine,cuidado,150
33.0,200082687,Desenredante Mini Chics,cuidado,319
93.0,200083902,Colonia Relajante Lavanda y Jazmín Agú ,cuidado,55
93.0,200083976,Colonia Fresca Naranja Agú,cuidado,358
93.0,200083997,Colonia Mañanas Felices Manzanilla,cuidado,460
50.0,200084840,Agú Loción Relajante Lavanda,cuidado,457
136.0,200085822,Imágenes,perfumes,18
95.0,200085864,Salvaje Absolut,perfumes,66
86.9,200086432,Expression,perfumes,193
56.0,200086566,Talco Agú Sueños de Amor Lavanda,cuidado,249
56.0,200086568,Talco Agu Féculas de Maíz Mañanas Felices,cuidado,437
80.0,200087691,Protector solar Perfecto Block,cuidado,188
90.0,200088133,Vanilla Scent,perfumes,176
90.9,200088259,Expression Sens,perfumes,353
145.9,200088384,Femme Magnat,perfumes,192
45.9,200088517,Natural Care Romantic Rose,perfumes,415
32.0,200088567,Crema Humectante para pies,cuidado,417
32.0,200088568,Crema suavizante para pies,cuidado,30
32.0,200088593,Crema exfoliante para pies,cuidado,492
108.9,200089222,Cardigan Evolution,perfumes,368
52.0,200089487,Desmaquillante Bifásico,tratamiento,183
70.0,200089488,Loción corporal Multicrem Nutrients,cuidado,174
70.0,200089498,Crema corporal Triple Acción Max,cuidado,317
70.0,200089504,Loción corporal Multicrem Firm,cuidado,101
85.0,200089507,Pour Le Bain,perfumes,268
40.0,200089508,Crema para manos y uñas,cuidado,239
85.0,200089509,Freshing,perfumes,200
48.0,200090337,Shampoo Alviento 3 en 1 Hidratación y Protección,cuidado,24
48.0,200090346,Shampoo Alviento 3 en 1 Restauración y Nutrición,cuidado,453
48.0,200090349,Shampoo Alviento 3 en 1 Fortalecimiento y Prevención Caída,cuidado,86
62.0,200090350,Crema humectante Naturalcare Durazno & Açai,cuidado,283
62.0,200090351,Crema humectante Naturalcare Jazmín & Vainilla,cuidado,357
62.0,200090352,Crema Corporal Humectante Natural Care Pomegranate & Canela,cuidado,49
92.0,200090452,Merci,perfumes,183
90.0,200090455,Momentos Libertad,perfumes,181
46.0,200090828,Imágenes Mini,perfumes,208
54.9,200091357,"Colonia Paradisso Cascade Illusion, 200 ml",perfumes,353
156.9,200091511,Privé Homme,perfumes,387
149.9,200091530,D'orsay Infinite,perfumes,391
45.9,200091553,Natural Care Coconut Ocean,perfumes,132
99.9,200091727,Cardigan,perfumes,210
77.0,200091875,Estuche 4 en 1 para Ojos y Cejas,maquillaje,86
29.0,200092281,Shampoo Naturalcare Alviento,cuidado,419
38.0,200092456,Loción Perfumada Expression,cuidado,417
49.9,200093883,Men Active,perfumes,441
49.9,200093884,Men Extreme,perfumes,121
149.9,200094217,D'Orsay Perfume de Hombre,perfumes,450
149.9,200094502,Desafiant,perfumes,77
30.9,200094826,Esmalte de uñas Smart Color,maquillaje,435
30.9,200094832,Esmalte de uñas Smart Color,maquillaje,84
30.9,200094876,Base para uñas + Acabado Smart Color,maquillaje,21
95.0,200094964,Salvaje Urban,perfumes,294
18.0,200095153,Desodorante Roll On Altheus,cuidado,64
18.0,200095158,Desodorante Roll On Cardigan,cuidado,66
18.0,200095159,Desodorante Roll On D'Orsay,cuidado,12
18.0,200095162,Desodorante Roll On Expression,cuidado,494
18.0,200095170,Desodorante Roll On Pulso Absolute,cuidado,279
18.0,200095174,Desodorante Roll On You,cuidado,14
18.0,200095177,Desodorante Roll On Total Sec Unisex,cuidado,37
45.9,200095184,Natural Care Floral Blossom,perfumes,33
45.9,200095364,Natural Care Berry Energy,perfumes,427
18.0,200095374,Desodorante Roll On Salvaje,cuidado,242
18.0,200095382,Desodorante Roll On Total Sec Femenino,cuidado,431
70.0,200095385,Loción corporal Multicrem Reparación,cuidado,233
18.0,200095420,Desodorante Roll On D'orsay Class,cuidado,434
18.0,200095464,Desodorante Roll On Magnat,cuidado,364
18.0,200095465,Desodorante Roll On Leyenda Absolute,cuidado,151
104.9,200095496,Valentía,perfumes,32
90.9,200095500,Expression Colors,perfumes,346
54.9,200095503,"Colonia Paradisso Moon Mystery, 200 ml",perfumes,182
36.0,200095517,Jabon Intimo Femme,higiene,292
18.0,200095570,Desodorante Roll On Magnat Select,cuidado,471
89.9,200095635,Motion,perfumes,448
73.9,200095834,Loción Hidratante con FPS 20 30+ Oxygen Supreme,tratamiento,210
125.9,200095843,Crema Facial Nutritiva 30+ Oxygen Supreme,tratamiento,15
85.9,200095850,Loción Hidratante con FPS 20 45+ Oxygen Supreme,tratamiento,84
148.9,200095855,Crema Facial Nutritiva 45+ Oxygen Supreme,tratamiento,364
128.9,200095903,Mía Perfume de Mujer,perfumes,277
43.9,200095917,Limpiadora Facial Oxygen Supreme,tratamiento,237
46.0,200095928,Repuesto Shampoo Agú Mañanas Felices Manzanilla y Algodón,cuidado,260
46.0,200095930,Repuesto Shampoo Agu Lavanda,cuidado,311
104.9,200095931,Impredecible Eau de Parfum ,perfumes,76
48.0,200096218,Doypack loción corporal Multicrem Nutrients,cuidado,302
48.0,200096219,Doypack loción corporal Multicrem Firm,cuidado,272
48.0,200096220,Doypack loción corporal Triple Acción,cuidado,498
26.0,200096703,Talco Extreme para Pies,cuidado,397
35.9,200096723,Loción Perfumada Mía,cuidado,57
64.0,200097066,Shampoo Agu Manzanilla Mañanas Felices,cuidado,339
64.0,200097067,Shampoo Agu Lavanda Sueños de Amor,cuidado,364
48.0,200098086,Loción hidratante Body Glow Natural Gold,cuidado,491
48.0,200098108,Loción hidratante Body Glow Perfect Bronze,cuidado,362
149.9,200098264,Kalos Tech Perfume de Hombre,perfumes,159
128.9,200098267,Bela Perfume de Mujer,perfumes,442
47.9,200098295,Sombra de ojos Colorfix 24H,maquillaje,247
47.9,200098297,Sombra de ojos Colorfix 24H,maquillaje,187
63.9,200098313,Base de maquillaje 24H Colorfix,maquillaje,399
75.9,200098335,Base de maquillaje 24H Colorfix,maquillaje,170
54.9,200098345,"Colonia Paradisso Magic Aurora, 200 ml",perfumes,250
156.9,200098377,Kromo Black Perfume de Hombre,perfumes,384
156.9,200098519,Magnat Imperium Perfume de Hombre,perfumes,105
130.9,200098555,Vibranza Blanc Perfume de Mujer,perfumes,373
66.9,200098638,"Colonia Ritualeza Avellana, 100 ml",perfumes,9
66.9,200098639,"Colonia Ritualeza Pomelo, 100 ml",perfumes,39
87.9,200098640,"Suero Contorno de Ojos Oxygen Supreme, 15 ml.",tratamiento,294
113.9,200098646,Suero Intensivo Facial Oxygen Supreme,tratamiento,239
66.0,200098648,Multiprotector Rostro Acabado Mate Perfect Block,tratamiento,289
43.9,200098662,Pulso Mini,perfumes,217
43.9,200098670,Leyenda Mini,perfumes,55
129.9,200098673,Vibranza Perfume de Mujer,perfumes,52
1.7,200098678,Probador colonia 2ml / 0.06 fl.oz,perfumes,273
48.9,200098698,Agua Micelar 5 en 1 Triple Acción,tratamiento,320
34.9,200098747,Tratamiento Capilar Multibeneficios Ésens Pro Solution 12,cuidado,338
54.9,200098755,"Crema corporal Ritualeza Avellana, 400 ml",cuidado,33
28.9,200098757,"Crema de manos Ritualeza Avellana, 75 g",cuidado,336
118.9,200099047,Kalos Sport Eau de Toilette,perfumes,15
89.9,200099087,Element,perfumes,57
104.9,200099262,Alma,perfumes,332
49.9,200099310,Men Cool Ice,perfumes,79
22.9,200099611,Sombras ésika PRO - Refill,maquillaje,47
22.9,200099616,Sombras ésika PRO - Refill,maquillaje,185
20.9,200099629,Labial HD Velvet refill,maquillaje,293
20.9,200099631,Labial HD Velvet refill,maquillaje,40
24.9,200099645,Rubor HD - Refill,maquillaje,471
24.9,200099646,Rubor HD - Refill,maquillaje,225
24.9,200099652,Polvos Blur Evolution - Refill,maquillaje,459
43.9,200099702,Vibranza Mini,perfumes,466
43.9,200099703,Mía Mini,perfumes,241
43.9,200099704,Magnat Mini,perfumes,10
43.9,200099706,Kromo Black Mini,perfumes,307
80.9,200099882,Intrepid Edición Limitada,perfumes,497
149.9,200099901,Perfume de hombre D'Orsay EDL,perfumes,407
70.9,200100054,Perlas Bronze,maquillaje,29
117.9,200100365,Iluminas Prismatic,perfumes,239
35.9,200100407,Loción Perfumada Vibranza,cuidado,478
35.9,200100408,Loción Perfumada Bela,cuidado,289
78.0,200100593,Loción Hidratante Agú,cuidado,130
43.9,200100617,Magnat Select Mini,perfumes,69
43.9,200100673,Bela Mini,perfumes,178
113.9,200100810,"Altheus Eau de Toilette, 75 ml",perfumes,263
47.9,200100812,Exfoliante Oxygen Supreme,tratamiento,292
156.9,200100838,Magnat Perfume de Hombre,perfumes,243
156.9,200100866,Magnat Select Perfume de Hombre,perfumes,229
80.9,200100926,Vanilla Hombre,perfumes,80
100.9,200101065,Suero Concentrado Antimanchas Oxygen Supreme,tratamiento,466
41.9,200101080,Contorno de Ojos Triple Acción,tratamiento,476
41.9,200101082,Mascarilla Triple Acción,tratamiento,437
24.9,200101368,Polvos Blur Evolution - Refill,maquillaje,189
120.9,200101406,"Expression UNION Perfume de Mujer, 50 ml",perfumes,20
161.9,200101421,Uno Perfume para Hombre,perfumes,399
145.9,200101430,Vivir Perfume de Mujer,perfumes,244
31.9,200101571,Esmalte de uñas Colorfix Gel Care,maquillaje,49
31.9,200101573,Esmalte de uñas en Gel Colorfix,maquillaje,456
31.9,200101603,Esmalte Top Coat Colorfix,maquillaje,335
149.9,200102045,Leyenda Absolute Perfume de Hombre,perfumes,283
43.9,200102061,Leyenda Absolute Mini,perfumes,13
43.9,200102071,Labial Hidracolor,maquillaje,354
43.9,200102073,Labial Hidracolor,maquillaje,465
41.9,200102282,Delineador de ojos Líquido Punta Plumón Eye PRO,maquillaje,338
88.9,200102289,Paleta de sombras profesional Eye PRO,maquillaje,349
88.9,200102290,Paleta de sombras profesional Eye PRO,maquillaje,256
50.9,200102348,Máscara Mega Full Curve,maquillaje,430
41.9,200102351,Delineador de ojos Líquido Punta Pincel Eye PRO,maquillaje,242
43.9,200102370,Kalos Sport Mini,perfumes,478
149.9,200102430,Pulso Absolute Perfume de Hombre,perfumes,405
43.9,200102433,"Pulso Absolute Mini Perfume de Hombre, 10 ml",perfumes,166
75.9,200102520,Base de Maquillaje Hidra Smart,maquillaje,127
75.9,200102524,Base de Maquillaje Hidra Smart,maquillaje,284
42.9,200102648,Labial Colorfix 24H,maquillaje,195
42.9,200102653,Labial Colorfix 24H,maquillaje,450
42.9,200102672,Labial Colorfix 24H,maquillaje,75
45.9,200102708,Labial Colorfix Duo Tattoo,maquillaje,130
45.9,200102713,Labial Colorfix Duo Tattoo,maquillaje,139
43.9,200102766,Nuevo corrector Hidra Perfection,maquillaje,271
66.9,200102819,"Óleo corporal Ritualeza Pomelo, 182 ml",cuidado,384
33.9,200102820,Crema de Manos Antiedad Triple Acción,cuidado,305
54.9,200102827,"Crema corporal Ritualeza Pomelo, 400 ml",cuidado,350
75.9,200102841,Base de Maquillaje Natural Matte,maquillaje,363
28.9,200102846,"Crema de manos Ritualeza Pomelo, 75 g",cuidado,132
50.0,200102934,Tratamiento Óleo Ésens,cuidado,184
32.0,200103020,Talco Perfumado Kalos Sport,cuidado,314
32.0,200103022,Talco Salvaje,cuidado,284
63.0,200103025,Talco para Pies,cuidado,372
43.0,200103026,Talco para pies,cuidado,193
45.0,200103027,"Talco Extreme para Pies Multicare, 230 g",cuidado,148
26.0,200103028,Talco Extreme para Pies,cuidado,278
2.9,200103317,Probador crema de manos Ritualeza Pomelo 10gr/ 0.35 fl.oz,cuidado,189
47.9,200103327,Máscara de pestañas Mega Multi Benefit,maquillaje,338
2.9,200103330,Probador crema corporal Ritualeza Pomelo 10ml / 0.06 fl.oz,cuidado,289
17.9,200103331,"Probador óleo trifásico corporal Ritualeza Pomelo, 57ml",cuidado,464
49.9,200103354,Máscara de pestañas Mega Full Size a prueba de agua,maquillaje,311
49.9,200103355,Máscara de pestañas Mega Full Size a prueba de agua,maquillaje,224
50.9,200103394,Máscara Mega Full Size Fácil Retirado,maquillaje,40
49.9,200103405,Máscara Mega Full Volume,maquillaje,195
22.0,200103441,Desodorante Roll On Multicare Femenino,cuidado,8
22.0,200103442,Desodorante Roll On Multicare Masculino,cuidado,373
18.0,200103448,Desodorante Roll On Expression Sens,cuidado,20
44.9,200103716,Labial Líquido Hidracolor Mate,maquillaje,419
44.9,200103718,Labial Líquido Hidracolor Mate,maquillaje,144
22.9,200103971,Jabón de Manos Antibacterial Multicare,cuidado,226
45.9,200104175,Labial Colorfix Duo Tattoo Metallic,maquillaje,335
70.0,200104231,Loción corporal Multicrem Nutrients Edición Limitada,cuidado,26
92.0,200104255,"Eau de Toilette YOU LIVE, 90 ml",perfumes,479
92.0,200104257,"Eau de Toilette YOU EMOTION, 90 ml",perfumes,379
13.9,200104280,Jabón de Manos Antibacterial Multicare,cuidado,487
148.9,200104495,Set Vibranza Edición Limitada + Dije,perfumes,23
30.9,200104873,Acondicionador ésens Pro Liso Extremo,cuidado,74
37.0,200104916,Acondicionador ésens Pro Hidratación,cuidado,120
34.9,200104924,Acondicionador ésens Pro Restauración,cuidado,490
30.9,200104932,Shampoo ésens Pro Liso Extremo,cuidado,86
37.0,200104934,Shampoo ésens Pro Hidratación,cuidado,36
34.9,200104937,Shampoo ésens Pro Restauración,cuidado,237
39.9,200104938,Mascarilla capilar ésens Pro Restauración,cuidado,188
67.9,200105041,Salvaje,perfumes,450
18.0,200105125,Desodorante Roll On Imágenes,cuidado,385
28.9,200105177,émotions CALM! Crema de manos,cuidado,259
28.9,200105178,émotions HAPPY! Crema de manos,cuidado,32
28.9,200105179,émotions ENERGY! Crema de manos,cuidado,388
18.0,200105184,Desodorante Roll On Fiori,cuidado,305
18.0,200105188,Desodorante Roll On Kalos Sport,cuidado,452
18.0,200105190,Desodorante Roll On Momentos Libertad,cuidado,220
18.0,200105195,Desodorante Roll On Vanilla Scent,cuidado,52
47.9,200105214,Crema facial Hidra Nutritiva Triple Acción Max 25+ 120g,tratamiento,409
66.9,200105215,Crema facial Hidra Nutritiva Triple Acción Max 25+ 200g,tratamiento,301
48.9,200105216,Crema facial Hidra Reafirmante Triple Acción Max 40+ 120g,tratamiento,67
70.9,200105217,Crema facial Hidra Reafirmante Triple Acción Max 40+ 200g,tratamiento,170
75.9,200105218,Crema facial Hidra Reparadora Triple Acción Max 55+ 200g,tratamiento,223
48.9,200105219,Crema facial Triple Acción Max Aclarant,tratamiento,289
50.9,200105222,Crema facial Hidra Reparadora Triple Acción Max 55+ 120g,tratamiento,175
48.0,200105286,Shampoo Vital 2 en 1,cuidado,174
90.9,200105327,émotions ENERGY! Eau de Parfum,perfumes,233
90.9,200105328,émotions HAPPY! Eau de Parfum,perfumes,443
90.9,200105329,émotions CALM! Eau de Parfum,perfumes,160
48.0,200105655,Shampoo Vital 2 en 1,cuidado,26
45.9,200105706,émotions HAPPY! Exfoliante corporal,cuidado,27
13.9,200105869,Crema Hidratante para Manos Multicare,cuidado,345
64.9,200105989,Espuma Limpiadora Facial Oxygen Supreme,skincare,474
100.9,200105990,Suero facial hidratante en gel Oxygen Supreme,skincare,318
30.0,200106079,"Shampoo ésens PRO Color Radiante, 300 ml",cuidado,376
30.0,200106081,"Acondicionador ésens PRO Color Radiante, 200 ml",cuidado,21
149.9,200106274,"Red Power Perfume de Mujer, 50 ml",perfumes,403
109.0,200106284,"Impredecible Deep Rosé Eau de Parfum, 50 ml",perfumes,271
160.0,200106290,D'orsay Inspire Perfume de Hombre,perfumes,144
130.9,200106295,"Mía Sensual Night Perfume de Mujer, 45 ml",perfumes,60
50.9,200106312,"Colonia Colors in Nature Romantic Rose, 200 ml",perfumes,453
92.0,200106346,"Fiori Eau de Parfum, 50 ml",perfumes,351
50.9,200106396,"Colonia Colors in Nature Green Coconut, 200 ml",perfumes,480
50.9,200106397,"Colonia Colors in Nature Pink Blossom, 200 ml",perfumes,9
50.9,200106398,"Colonia Colors in Nature Purple Berry, 200 ml",perfumes,471
42.9,200106429,Colorfix Labial Barra 24H X-MATTE,maquillaje,414
47.9,200106472,Labial líquido Hidracolor Óleo,maquillaje,292
47.9,200106473,Labial líquido Hidracolor Óleo,maquillaje,424
47.9,200106475,Labial líquido Hidracolor Óleo,maquillaje,266
41.9,200106492,Delineador de ojos líquido punta pincel Eye PRO,maquillaje,402
41.9,200106502,Delineador de ojos líquido punta plumón Eye PRO,maquillaje,106
41.9,200106530,Delineador de ojos líquido punta pincel Eye PRO,maquillaje,38
41.9,200106535,Delineador de ojos líquido punta plumón Eye PRO,maquillaje,143
37.0,200106653,Labial mate Color Addiction,maquillaje,183
37.0,200106655,Labial mate Color Addiction,maquillaje,198
82.0,200107082,Base de maquillaje Natural Matte,maquillaje,124
72.0,200107087,Primer facial Perfect Matte,maquillaje,386
169.0,200107225,Set limpieza profunda Oxygen Supreme 30+ años,tratamiento,41
79.9,200107232,Set de ojos Colorfix,maquillaje,279
95.9,200107235,Set cejas Perfectas,maquillaje,344
134.9,200107236,Set Perfume de mujer + Loción Perfumada Vibranza,perfumes,101
131.9,200107238,Set Perfume de mujer + Loción perfumada Bela,perfumes,314
18.9,200107283,Jabón en barra Antibacterial Multicare,cuidado,81
28.9,200108044,"Vibranza Blanc Crema de Manos, 75 g",cuidado,365
28.9,200108045,Impredecible Crema de Manos,cuidado,15
54.9,200108061,Crema Corporal Ritualeza Avellana Edición Limitada Navidad,cuidado,224
28.9,200108097,Crema de manos Ritualeza Avellana Edición Limitada,cuidado,240
45.9,200108105,Exfoliante Ritualeza Avellana Edición Limitada,cuidado,142
50.9,200108124,émotions CALM! Crema corporal,cuidado,363
50.9,200108125,émotions ENERGY! Crema corporal,cuidado,370
50.9,200108126,émotions HAPPY! Crema corporal,cuidado,239
56.9,200108163,Máscara para pestañas y cejas Colorfix,maquillaje,234
56.9,200108165,Máscara para pestañas y cejas Colorfix,maquillaje,294
92.9,200108167,Set Mirada Full Size,maquillaje,37
92.0,200108408,"Eau de Toilette YOU, 90 ml",perfumes,467
66.0,200108409,"Eau de Toilette YOU, 50 ml",perfumes,244
47.9,200108474,Delineador de ojos Colorfix Gel Tattoo,maquillaje,129
30.0,200108505,"Shampoo ésens PRO Rizos Definidos, 300 ml",cuidado,371
30.0,200108506,"Acondicionador ésens PRO Rizos Definidos, 200 ml",cuidado,212
30.0,200108507,"Crema para peinar ésens PRO Rizos Perfectos, 200 ml",cuidado,201
41.9,200108653,Delineador líquido punta pincel Eye PRO,maquillaje,64
41.9,200108655,Delineador líquido punta plumón Eye PRO,maquillaje,267
125.0,200108671,Eros Eau de toilette masculino,perfumes,396
18.0,200108673,Desodorante Roll On Exus,cuidado,196
18.0,200108674,Desodorante Roll On Eros,cuidado,250
120.9,200108711,Set crema de cuerpo + crema de manos + colonia Ritualeza Avellana Edición Limitada Navidad,sets,58
54.9,200108747,Colorfix Máscara de pestañas Ultimate Volume,maquillaje,481
32.0,200108752,"Talco corporal Fiori, 140 gr",cuidado,65
71.9,200108766,Set de ojos Mirada Full Size,maquillaje,280
79.0,200108767,Mega Full Size + Collar con Aretes ésika PRO,bijouterie,432
52.9,200108796,Labial mate Colorfix Liquid Tattoo,maquillaje,310
18.0,200108807,"Desodorante Roll On Fiori, 50 ml",cuidado,445
35.0,200109119,"Crema de manos Red Power, 75 g",cuidado,347
132.9,200109134,"Vibranza Perfume de Mujer Edición Limitada, 45 ml",perfumes,358
70.0,200109139,"Crema corporal Multicare Nutrients Edición Limitada, 1Lt",cuidado,182
35.0,200109258,"Crema de manos Mía Sensual Night, 75 g",cuidado,363
161.9,200109338,"Magnat Edición Limitada Perfume de Hombre, 90 ml",perfumes,363
55.9,200110005,Spray Fijador Setting Matte,maquillaje,330
159.0,200110435,Set limpieza profunda Oxygen Supreme 45+ años,tratamiento,110
104.0,200110437,Set Ritualeza Avellana,cuidado,363
46.0,200110648,Máscara de pestañas Ultra Black Shock,maquillaje,36
46.0,200110649,Máscara de pestañas Ultra Black Extend,maquillaje,332
109.9,200110675,Mystery Box Full Color Look,sets,447
79.9,200110676,Mystery Box Natural Look,sets,168
99.9,200110677,Mystery Box Rutina Total,sets,419
159.9,200110692,Set Mía Edición Especial,perfumes,271
144.0,200110778,Set Hidracolor Mate Nude,maquillaje,357
144.0,200110779,Set Hidracolor Mate Full Color,maquillaje,441
71.9,200111588,Set Colorfix,sets,117
134.0,200111762,Set émotions ENERGY!,sets,262
149.0,200111764,Set émotions HAPPY!,sets,242
104.0,200111766,Set Rutina de Skin Care Oxygen Supreme,tratamiento,360
149.0,200112223,Set Red Power,sets,311
78.9,200112851,Set Máscara Mega Full Size APA + Desmaquillador Bifásico,sets,198
74.9,200112852,Set Look PRO Máscara Mega Full Size  + Labial Hidracolor Mate,maquillaje,36
96.9,200112853,Set Colonia + Crema Corporal Ritualeza Avellana,sets,221
65.9,200112854,Set Delineado Perfecto - Delineador Punta Pincel y Punta Plumón Eye PRO,maquillaje,400
69.9,200112855,Set Labios ¡a prueba de todo! - Colorfix Labial 24H + Labial Duo Tattoo,maquillaje,329
109.9,200113139,Set travel size,sets,113
134.9,200113241,Set Expression UNION + Máscara Mega Full Size a prueba de agua,sets,134
30.0,210086024,Brocha para Labios,maquillaje,279
36.0,210086462,Desodorante Aerosol Aclarant Protect,cuidado,184
36.0,210086712,Desodorante Aerosol Dual Protect,cuidado,268
22.0,210088216,Extensión Cadena Oro,bijouterie,330
15.9,210088217,Extensión Cadena,bijouterie,18
60.0,210090033,Argollas Golden Hoop,bijouterie,107
47.9,210092742,Delineador de ojos Plumón Tattoo Colorfix punta fina,maquillaje,442
47.9,210092744,Delineador de ojos Plumón Tattoo Colorfix punta angular,maquillaje,51
46.0,210093082,Brocha para Polvos y Rubor,maquillaje,226
30.0,210093312,Brocha Dual Ojos,maquillaje,415
25.0,210093313,Brocha para Ojos,maquillaje,7
30.0,210093314,Esponja,maquillaje,5
95.0,210094289,Estuche Collar + Aretes Golden Piguette,bijouterie,26
18.0,210094410,Brocha Perlas de Sol,maquillaje,407
37.9,210094759,Estuche vacío Beauty Box (Paleta personalizable),maquillaje,239
156.9,210095272,Reloj Navy Blues,bijouterie,45
245.0,210095274,Reloj Eagle One,bijouterie,148
95.0,210095296,Estuche Collar + Aretes Circadiam,bijouterie,226
75.0,210095297,Argollas Baubale,bijouterie,405
90.0,210095298,Pulsera Baubale,bijouterie,125
60.0,210095375,Aretes Glam Precious Gems,bijouterie,91
95.0,210095385,Estuche Collar + Aretes Toggle Heart,bijouterie,270
95.0,210095400,Estuche Collar + Aretes Gold Tree,bijouterie,134
80.0,210095442,Estuche de Collar + Aretes Dragon Fly,bijouterie,107
34.0,210095994,Delineador Lápiz para Cejas,maquillaje,403
34.0,210095995,Delineador Lápiz para Cejas,maquillaje,357
34.0,210096208,Delineador Lápiz para Ojos,maquillaje,443
34.0,210096213,Delineador Lápiz para Ojos,maquillaje,50
38.0,210096267,Delineador de ojos Kohl con difuminador,maquillaje,142
38.0,210096269,Delineador de ojos Kohl con difuminador,maquillaje,231
21.9,210096372,Mascarilla de Papel Triple Acción,tratamiento,441
195.0,210096513,Reloj Brusells,bijouterie,5
200.0,210096515,Reloj Scarlet,bijouterie,127
165.0,210096517,Reloj Nivellie,bijouterie,235
160.0,210096518,Reloj Laroche,bijouterie,163
210.0,210096523,Reloj Kenner,bijouterie,210
105.0,210096574,Estuche Collar + Aretes Fallstone,bijouterie,475
70.0,210096575,Aretes Largos Fallstone,bijouterie,327
75.0,210096584,Aretes Color Tree,bijouterie,303
95.0,210096590,Estuche Collar + Aretes Fortune Sign,bijouterie,216
60.0,210096593,Argollas Star Sea,bijouterie,408
104.9,210096629,Pulsera Infinity Luck,bijouterie,440
80.0,210096630,Estuche Aretes x2 Bertrand,bijouterie,61
105.0,210096639,Estuche Collar + Aretes Star Sea,bijouterie,241
90.0,210096691,Estuche de Aretes x7 Ava Adore,bijouterie,47
200.0,210096719,Reloj Bredar,bijouterie,360
184.0,210096720,Reloj Sittard,bijouterie,145
95.0,210096878,Estuche Collar + Aretes Gold & Fly,bijouterie,350
89.9,210096880,Estuche Collar + Aretes Brighty Fly,bijouterie,477
89.9,210096882,Estuche Collar + Aretes Everybody,bijouterie,371
95.0,210096883,Estuche Collar + Aretes Heart Book,bijouterie,470
80.0,210096932,Mochila Lilly,bijouterie,254
60.0,210096995,Estuche de Aretes x4 Cezzane,bijouterie,129
195.0,210097086,Reloj Vallais,bijouterie,276
245.0,210097088,Reloj Golden Amour,bijouterie,465
90.0,210097289,Pulsera Buttershine,bijouterie,417
95.0,210097321,Estuche Buttershine,bijouterie,250
95.0,210097326,Estuche Collar + Aretes Wellington,bijouterie,124
70.0,210097327,Estuche de aretes Wellington,bijouterie,459
90.0,210097344,Estuche Aretes x3 Neumar,bijouterie,175
95.0,210097358,Estuche Collar + Aretes Barnalle,bijouterie,368
95.0,210097359,Estuche de Silver Blend,bijouterie,331
70.0,210097405,Estuche Aretes x3 Pearland,bijouterie,388
75.0,210097407,Estuche de aretes Buttershine,bijouterie,302
66.9,210097894,émotions ENERGY! Exfoliante corporal,cuidado,408
95.0,210098010,Estuche Collar + Aretes Love & Luck,bijouterie,76
80.0,210098011,Estuche Collar + Aretes Love & Luck Chic,bijouterie,274
185.0,210098153,Reloj Luxstone,bijouterie,382
185.0,210098154,Reloj Blue Signal,bijouterie,497
200.0,210098155,Reloj Midtown,bijouterie,354
185.0,210098156,Reloj Euphora,bijouterie,275
200.0,210098157,Reloj Mirren,bijouterie,449
185.0,210098158,Reloj Fem Power,bijouterie,434
185.0,210098159,Reloj Maccari,bijouterie,326
245.0,210098160,Reloj Velnadere,bijouterie,10
200.0,210098161,Reloj Azurelle,bijouterie,494
200.0,210098162,Reloj Crystown,bijouterie,38
60.0,210098175,Aretes Anaris,bijouterie,399
80.0,210098178,Argollas Gold Tree,bijouterie,478
75.0,210098179,Estuche de Aretes x3 Gold Tree,bijouterie,293
90.0,210098180,Pulsera Gold Tree,bijouterie,8
110.0,210098181,Estuche Collar + Aretes Circle Moon,bijouterie,228
110.0,210098182,Estuche Collar + Aretes Star Magic,bijouterie,427
65.0,210098183,Aretes Glam Star Magic,bijouterie,294
75.0,210098184,Estuche de Aretes x3 Star Magic,bijouterie,474
70.0,210098185,Pulsera Star Magic,bijouterie,113
110.0,210098186,Estuche Collar + Aretes Heart Vibes,bijouterie,310
75.0,210098187,Pendientes Glam Heart Vibes,bijouterie,279
75.0,210098188,Estuche de Aretes x3 Heart Vibes,bijouterie,113
90.0,210098189,Pulsera Heart Vibes,bijouterie,284
110.0,210098190,Estuche Collar + Aretes Baubale,bijouterie,418
75.0,210098191,Estuche de Aretes x3 Baubale,bijouterie,344
110.0,210098192,Estuche Collar + Aretes Lucky Way,bijouterie,422
75.0,210098193,Aretes Lucky Way,bijouterie,39
80.0,210098194,Estuche de Aretes x3 Lucky Way,bijouterie,58
100.0,210098195,Pulsera Lucky Way,bijouterie,138
140.0,210098196,Pulsera Luck & Love,bijouterie,305
140.0,210098197,Pulsera All Amour,bijouterie,212
95.0,210098198,Estuche Collar + Aretes Sweet Owl,bijouterie,64
70.0,210098199,Estuche de Aretes x3 Sweet Owl,bijouterie,496
95.0,210098200,Estuche Collar + Aretes Shine Circle,bijouterie,102
70.0,210098201,Estuche de Aretes x3 Shine Circle,bijouterie,390
100.0,210098202,Estuche Collar + Aretes Gold Amiens,bijouterie,384
95.0,210098204,Estuche Collar + Aretes Magic Heart,bijouterie,459
100.0,210098205,Estuche de Aretes x5 Poramore,bijouterie,68
95.0,210098206,Estuche Collar + Aretes Glam Glamour Love,bijouterie,226
95.0,210098207,Estuche Collar + Aretes Glamour Love,bijouterie,222
100.0,210098208,Estuche Aretes x7 Bunbury,bijouterie,162
95.0,210098209,Estuche Collar + Aretes Glam Lets Fly,bijouterie,46
95.0,210098210,Estuche Collar + Aretes Lets Fly,bijouterie,294
100.0,210098211,Estuche de Aretes x5 Zilianne,bijouterie,20
95.0,210098212,Estuche Collar + Aretes Lucknow,bijouterie,459
95.0,210098213,Estuche Collar + Aretes Morning Bird,bijouterie,477
95.0,210098214,Estuche Collar + Aretes Crystal Heart,bijouterie,498
95.0,210098215,Estuche Collar + Aretes Mon Croix,bijouterie,187
120.0,210098216,Pulsera More Luck,bijouterie,118
80.0,210098218,Estuche de Aretes x3 Ballarat,bijouterie,420
135.0,210098219,Estuche Collar + Aretes Originally,bijouterie,162
95.0,210098220,Estuche Collar + Aretes Swing Fly,bijouterie,374
95.0,210098221,Estuche Collar + Aretes Pearlfect,bijouterie,264
120.0,210098222,Pulsera Starshine,bijouterie,367
105.0,210098224,Estuche Collar + Aretes Crystal Drop,bijouterie,41
95.0,210098225,Estuche Collar + Aretes Crystal Marine,bijouterie,425
80.0,210098229,Collar Heartville,bijouterie,165
28.0,210098230,Dije Among Love,bijouterie,274
28.0,210098231,Dije Key Heart,bijouterie,441
85.0,210098232,Estuche Collar + Aretes Clover Lucky,bijouterie,295
85.0,210098233,Estuche Collar + Aretes Grandalt,bijouterie,328
85.0,210098234,Estuche Collar + Aretes Nightstar,bijouterie,144
85.0,210098235,Estuche Collar + Aretes Nayden,bijouterie,119
100.0,210098236,Estuche de Aretes x7 Ostend,bijouterie,412
100.0,210098237,Estuche de Aretes x5 Boulan,bijouterie,252
100.0,210098238,Estuche de Aretes x7 Blarney,bijouterie,134
100.0,210098239,Estuche de Aretes x5 Arandall,bijouterie,228
135.0,210098240,Estuche Collar + Aretes Love Stones,bijouterie,23
85.0,210098241,Pendientes Love Stones,bijouterie,284
135.0,210098242,Estuche Collar + Aretes Rennes,bijouterie,426
85.0,210098243,Aretes largos Rennes,bijouterie,371
110.0,210098244,Pulsera Rennes,bijouterie,202
135.0,210098245,Estuche Collar + Aretes Bonfleur,bijouterie,375
85.0,210098246,Aretes Bonfleur,bijouterie,261
105.0,210098251,Estuche Collar + Aretes Hobart,bijouterie,420
95.0,210098252,Estuche Collar + Aretes Must Love,bijouterie,73
120.0,210098253,Pulsera She Loved,bijouterie,298
80.0,210098254,Estuche Collar + Aretes Give Heart,bijouterie,218
80.0,210098259,Estuche Collar + Aretes Shining Love,bijouterie,284
80.0,210098266,Estuche Collar + Aretes Sweet & Fly,bijouterie,288
80.0,210098268,Estuche Collar + Aretes Loving Colors,bijouterie,269
60.0,210098304,Estuche de Aretes x4 Crystal Marine,bijouterie,36
60.0,210098491,Delineador retráctil para cejas Styler Brow PRO,maquillaje,267
60.0,210098493,Delineador retráctil para cejas Styler Brow PRO,maquillaje,432
58.9,210098498,Polvo compacto Instant Matte,maquillaje,44
160.0,210098511,Collar Loving Chain,bijouterie,181
70.0,210098512,Aretes Loving Chain,bijouterie,57
70.0,210098513,Argollas Loving Chain,bijouterie,13
78.0,210098552,Rubor Compacto Blush PRO,maquillaje,368
105.0,210098643,Estuche Collar + Aretes ésika PRO Silver,bijouterie,17
60.0,210098644,Estuche de Aretes x4 Gering,bijouterie,131
78.0,210098918,Bronzer PRO,maquillaje,34
78.0,210098926,Iluminador Glow PRO,maquillaje,450
95.0,210098932,Estuche Collar + Aretes Perfect Gems,bijouterie,276
95.0,210098933,Estuche Collar + Aretes Femme Power,bijouterie,105
95.0,210098935,Estuche Collar + Aretes Empowered,bijouterie,115
95.0,210098936,Estuche Collar + Aretes Amor a Mi,bijouterie,324
95.0,210098937,Estuche Collar + Aretes Infinite Power,bijouterie,342
95.0,210099055,Estuche Collar + Aretes Big Dreams,bijouterie,342
70.0,210099056,Pendientes Big Dreams,bijouterie,266
70.0,210099057,Aretes Big Dreams,bijouterie,153
80.0,210099058,Estuche de Aretes x3 Big Dreams,bijouterie,200
105.0,210099060,Estuche Collar + Aretes Love Fly,bijouterie,449
70.0,210099061,Aretes Love Fly,bijouterie,403
80.0,210099062,Estuche de Aretes x4 Love Fly,bijouterie,240
85.0,210099063,Pulsera Love Fly,bijouterie,164
115.0,210099064,Estuche Collar + Aretes Feeling Love,bijouterie,326
80.0,210099065,Aretes Feeling Love,bijouterie,259
80.0,210099066,Estuche de Aretes x3 Feeling Love,bijouterie,298
85.0,210099067,Pulsera Feeling Love,bijouterie,238
115.0,210099068,Estuche Collar + Aretes Belle Heart,bijouterie,344
115.0,210099069,Estuche Collar + Aretes Love Me Now,bijouterie,296
75.0,210099070,Aretes Love Me Now Glam,bijouterie,316
65.0,210099071,Aretes Love Me Now,bijouterie,226
95.0,210099072,Pulsera Love Me Now,bijouterie,325
115.0,210099073,Estuche Collar + Aretes Power Stone,bijouterie,324
75.0,210099074,Aretes Power Stone Glam,bijouterie,360
80.0,210099075,Estuche de Aretes x3 Power Stone,bijouterie,251
75.0,210099076,Aretes Power Stone,bijouterie,48
100.0,210099077,Estuche Collar + Aretes Mon Amour,bijouterie,392
60.0,210099078,Argollas Mon Amour,bijouterie,88
80.0,210099079,Estuche de Aretes x3 Mon Amour,bijouterie,365
85.0,210099080,Pulsera Mon Amour,bijouterie,370
70.0,210099081,Aretes Mon Amour,bijouterie,445
100.0,210099082,Estuche de Aretes x5 Malvines,bijouterie,213
100.0,210099084,Estuche Collar + Aretes Pearly Dream,bijouterie,83
70.0,210099085,Estuche de Aretes x3 Pearly Dream,bijouterie,352
100.0,210099086,Estuche Collar + Aretes Heart in Gold,bijouterie,324
95.0,210099087,Estuche Collar + Aretes Heart in Silver,bijouterie,70
95.0,210099088,Estuche Collar + Aretes Tree Vibes,bijouterie,350
70.0,210099089,Estuche de Aretes x3 Tree Vibes,bijouterie,115
95.0,210099090,Estuche Collar + Aretes Moon Energy,bijouterie,277
95.0,210099091,Estuche Collar + Aretes Moon Energy Glam,bijouterie,424
110.0,210099092,Pulsera Love Feeling,bijouterie,311
110.0,210099093,Pulsera Pearly Chains,bijouterie,193
100.0,210099094,Estuche Collar + Aretes Love Paradise,bijouterie,495
100.0,210099095,Estuche de Aretes x5 Lublin,bijouterie,326
100.0,210099098,Estuche de Aretes x5 Lenglet,bijouterie,54
95.0,210099100,Estuche Collar + Aretes Femme Unity,bijouterie,256
95.0,210099101,Estuche Collar + Aretes Dreams Fly,bijouterie,39
135.0,210099102,Estuche Collar + Aretes Purple Midnight,bijouterie,234
105.0,210099103,Estuche Collar + Aretes Circle Lucky,bijouterie,44
95.0,210099104,Estuche Collar + Aretes Purple Glam,bijouterie,474
105.0,210099105,Estuche Collar + Aretes Blainville,bijouterie,466
135.0,210099106,Estuche Collar + Aretes Seagate,bijouterie,28
95.0,210099107,Estuche Collar + Aretes Kingdom Pearl,bijouterie,297
95.0,210099108,Estuche Collar + Aretes Saint Croix,bijouterie,270
135.0,210099109,Estuche Collar + Aretes Beauty Blue,bijouterie,384
105.0,210099110,Estuche Collar + Aretes Ballmain,bijouterie,30
80.0,210099111,Estuche de Aretes x3 Iduna,bijouterie,358
110.0,210099112,Pulsera All Is Lucky,bijouterie,186
110.0,210099113,Pulsera Double Heart,bijouterie,464
85.0,210099114,Estuche de Aretes x3 Guilam,bijouterie,35
85.0,210099115,Estuche Collar + Aretes Silvery Love,bijouterie,40
85.0,210099116,Estuche Collar + Aretes Star Way,bijouterie,97
90.0,210099117,Estuche Collar + Aretes Naarden,bijouterie,295
85.0,210099118,Estuche Collar + Aretes Haaland,bijouterie,69
100.0,210099119,Estuche de Aretes x7 Neviss,bijouterie,65
100.0,210099120,Estuche de Aretes x7 Riddle,bijouterie,160
100.0,210099121,Estuche de Aretes x7 Frisland,bijouterie,313
70.0,210099122,Pulsera Citadell,bijouterie,475
70.0,210099123,Pulsera Kennel,bijouterie,105
70.0,210099124,Pulsera Arnaud,bijouterie,392
95.0,210099125,Estuche Collar + Aretes Full Shine,bijouterie,483
85.0,210099126,Pendientes Full Shine,bijouterie,168
110.0,210099127,Pulsera Full Shine,bijouterie,418
175.0,210099128,Estuche Collar + Aretes Energy Vibes,bijouterie,409
85.0,210099129,Aretes Energy Vibes,bijouterie,74
140.0,210099130,Collar Love My Way,bijouterie,450
190.0,210099132,Collar Power Pearls,bijouterie,275
85.0,210099133,Aretes Power Pearls,bijouterie,229
110.0,210099134,Pulsera Power Pearls,bijouterie,151
190.0,210099135,Collar Chains Level,bijouterie,431
60.0,210099136,Aretes Chains Level,bijouterie,484
85.0,210099139,Pulsera Love You,bijouterie,176
85.0,210099149,Estuche Collar + Aretes Purple Flower,bijouterie,255
165.0,210099191,Reloj Blaze,bijouterie,52
200.0,210099199,Reloj Rochelle,bijouterie,383
170.0,210099200,Reloj Brezza,bijouterie,221
200.0,210099201,Reloj Gioia,bijouterie,189
260.0,210099202,Reloj Jardine,bijouterie,444
210.0,210099203,Reloj Tuschell,bijouterie,492
175.0,210099204,Reloj Nebbia,bijouterie,210
200.0,210099205,Reloj Sensazione,bijouterie,253
175.0,210099206,Reloj Coralli,bijouterie,32
175.0,210099207,Reloj Greenland,bijouterie,410
170.0,210099208,Reloj de mujer Calgary,bijouterie,118
200.0,210099209,Reloj de mujer Kielsyn,bijouterie,125
170.0,210099210,Reloj Asher,bijouterie,193
210.0,210099211,Reloj Tramonti,bijouterie,149
250.0,210099212,Reloj Bernat,bijouterie,451
70.0,210099254,Estuche de Aretes x4 Busquets,bijouterie,394
70.0,210099289,Aretes Love My Way,bijouterie,423
60.0,210099304,Argollas Bold Gold Hoop,bijouterie,263
55.0,210099305,Argollas Bold Silver Hoop,bijouterie,134
135.0,210099540,Estuche Collar + Aretes Brilliant Stars,bijouterie,131
95.0,210099687,Estuche Collar + Aretes Owl Dream,bijouterie,68
175.0,210099688,Collar My Power,bijouterie,143
85.0,210099689,Pendientes My Power,bijouterie,250
110.0,210099690,Pulsera My Power,bijouterie,207
60.0,210099691,Aretes My Power,bijouterie,341
100.0,210099693,Estuche de Aretes x7 Onde,bijouterie,50
60.0,210099762,Estuche de Aretes x3 Cristal Facet,bijouterie,306
95.0,210099763,Estuche Collar + Aretes Fortune Sign RM,bijouterie,145
60.0,210099768,Estuche de Aretes x4 Northern,bijouterie,224
70.0,210099769,Estuche de Aretes x4 Driedt,bijouterie,285
95.0,210099770,Estuche Collar + Aretes Goldy Love,bijouterie,468
180.0,210099957,Reloj de mujer Lyssa,bijouterie,140
250.0,210099958,Reloj de mujer Goldenland,bijouterie,431
180.0,210099959,Reloj Galene,bijouterie,274
200.0,210099960,Reloj Harmonia,bijouterie,392
170.9,210099961,Reloj de mujer Blue Dejavu,bijouterie,473
189.9,210099962,Reloj de mujer New Romance,bijouterie,90
170.9,210099963,Reloj de Mujer Dione,bijouterie,291
208.9,210099964,Reloj de Mujer Goldchange,bijouterie,424
199.9,210099965,Reloj de Mujer Cirene,bijouterie,256
199.9,210099966,Reloj de Mujer Carya,bijouterie,429
170.9,210099967,Reloj de Mujer Circleshine,bijouterie,246
189.9,210099968,Reloj de Mujer Aarya,bijouterie,333
250.0,210099969,Reloj de hombre Force,bijouterie,474
189.9,210099970,Reloj de Hombre Kairos,bijouterie,275
208.9,210099971,Reloj de Hombre Farah,bijouterie,186
47.9,210099977,Colorfix Delineador Plumón Tattoo Metálico,maquillaje,186
80.0,210099997,Estuche de Aretes x3 Trendchange,bijouterie,5
105.0,210100002,Estuche Collar + Aretes Pearl Energy,bijouterie,64
70.0,210100003,Pendientes Glam Pearl Energy,bijouterie,239
70.0,210100004,Aretes Pearl Energy,bijouterie,472
80.0,210100005,Estuche de Aretes x3 Pearl Energy,bijouterie,90
105.0,210100006,Estuche Collar + Aretes Mystical Fantasy,bijouterie,43
70.0,210100007,Pendientes Glam Mystical Fantasy,bijouterie,281
80.0,210100008,Estuche de Aretes x3 Mystical Fantasy,bijouterie,307
110.0,210100009,Pulsera Mystical Fantasy,bijouterie,201
95.0,210100010,Estuche Collar + Aretes Delicate Love,bijouterie,108
70.0,210100011,Pendientes Glam Delicate Love,bijouterie,62
70.0,210100012,Aretes Delicate Love,bijouterie,46
80.0,210100013,Estuche de Aretes x3 Delicate Love,bijouterie,407
85.0,210100014,Pulsera Delicate Love,bijouterie,366
113.9,210100015,Estuche Collar + Aretes Lucky Me,bijouterie,392
113.9,210100016,Estuche Collar + Aretes Stars In You,bijouterie,236
85.9,210100017,Pendientes Glam Lucky Me,bijouterie,195
113.9,210100018,Pulsera Lucky Me,bijouterie,13
108.9,210100019,Estuche Collar + Aretes Pearl Levels,bijouterie,226
85.9,210100020,Pendientes Glam Pearl Levels,bijouterie,38
85.9,210100021,Estuche de Aretes x3 Pearl Levels,bijouterie,420
85.9,210100022,Argollas Pearl Levels,bijouterie,395
89.9,210100023,Pulsera Pearl Levels,bijouterie,116
108.9,210100024,Estuche Collar + Aretes Love Trend,bijouterie,56
75.9,210100025,Pendientes Love Trend Glam,bijouterie,343
75.9,210100026,Argollas Love Trend,bijouterie,165
85.9,210100027,Estuche de Aretes x3 Love Trend,bijouterie,190
104.9,210100028,Pulsera Love trend,bijouterie,316
95.0,210100029,Estuche Collar + Aretes Love Letters,bijouterie,47
60.0,210100030,Estuche de Aretes x3 Love Letters,bijouterie,418
94.9,210100031,Estuche de Aretes x5 Modern Trend,bijouterie,287
94.9,210100034,Estuche de Aretes x7 Anat,bijouterie,269
95.0,210100037,Estuche Collar + Aretes Swing Fly Glam,bijouterie,436
110.0,210100038,Pulsera Belle Amour,bijouterie,101
110.0,210100039,Pulsera Full Trend,bijouterie,438
89.9,210100040,Estuche Collar + Aretes Love Again,bijouterie,380
89.9,210100041,Estuche Collar + Aretes Forever Lucky,bijouterie,112
89.9,210100042,Estuche Collar + Aretes Ever Lucky Glam,bijouterie,58
95.0,210100045,Estuche Collar + Aretes Lucky Fly,bijouterie,380
95.0,210100046,Estuche Collar + Aretes Mom Love,bijouterie,82
105.0,210100047,Estuche Collar + Aretes Turquoise and Gold,bijouterie,275
142.9,210100048,Estuche Collar + Aretes Glory Heart,bijouterie,421
105.0,210100049,Estuche Collar + Aretes Pearlvolution,bijouterie,289
95.0,210100050,Estuche Collar + Aretes Golden Unity,bijouterie,390
105.0,210100051,Estuche Collar + Aretes Moon Lovers,bijouterie,265
94.9,210100052,Estuche Collar + Aretes New Life,bijouterie,480
94.9,210100053,Estuche Collar + Aretes Wisdom,bijouterie,275
108.9,210100054,Estuche Collar + Aretes Brilliant Faith,bijouterie,308
95.0,210100055,Estuche Collar + Aretes Prisma Light,bijouterie,440
142.9,210100056,Estuche Collar + Aretes Cornerstone,bijouterie,499
99.9,210100057,Estuche Collar + Aretes Two Chains,bijouterie,53
99.9,210100058,Estuche Collar + Aretes Universe Falls,bijouterie,272
110.0,210100059,Pulsera Love To Mom,bijouterie,194
60.0,210100060,Estuche de Aretes x4 Élan,bijouterie,478
80.0,210100061,Estuche de Aretes x3 Genevieve,bijouterie,444
108.9,210100062,Pulsera Pearlstar,bijouterie,458
104.9,210100063,Pulsera Strong Woman,bijouterie,260
100.0,210100064,Estuche de Aretes x7 Gatsby,bijouterie,121
94.9,210100065,Estuche de Aretes x5 Catania,bijouterie,305
100.0,210100066,Estuche de Aretes x7 Letha,bijouterie,446
95.0,210100067,Estuche Collar + Aretes Power Love,bijouterie,477
95.0,210100069,Estuche Collar + Aretes The One,bijouterie,481
165.9,210100070,Estuche Collar + Aretes Beauty Imperfection,bijouterie,305
94.9,210100071,Pulsera Adina,bijouterie,149
94.9,210100072,Pulsera Arya,bijouterie,489
94.9,210100073,Pulsera Nérida,bijouterie,272
85.0,210100074,Collar + Aretes Sparkling Stars,bijouterie,458
80.9,210100075,Estuche Collar + Aretes Truly Heart,bijouterie,404
89.9,210100076,Estuche Collar + Aretes Blue Soft,bijouterie,414
200.0,210100077,Collar Perfectly Imperfect,bijouterie,123
85.0,210100078,Pendientes Perfectly Imperfect,bijouterie,388
85.0,210100079,Aretes Perfectly Imperfect,bijouterie,429
175.0,210100081,Estuche Collar + Aretes Baroque Love,bijouterie,293
85.0,210100082,Aretes Baroque Love,bijouterie,288
110.0,210100083,Pulsera Baroque Love,bijouterie,189
175.0,210100084,Collar Modern Stones,bijouterie,471
66.9,210100085,Aretes Modern Stones,bijouterie,430
85.0,210100086,Pendientes Modern Stones,bijouterie,374
80.9,210100087,Pendientes Gold Wavy,bijouterie,79
80.9,210100088,Aretes Hammering,bijouterie,383
80.9,210100089,Argollas Silhouette,bijouterie,345
104.9,210100090,Pulsera Goldchanges,bijouterie,160
180.9,210100091,Estuche Collar + Aretes Union Force,bijouterie,39
85.9,210100092,Pendientes Union Force,bijouterie,308
85.9,210100093,Aretes Union Force,bijouterie,125
108.9,210100094,Pulsera Union Force,bijouterie,348
180.9,210100095,Collar Strenght Power,bijouterie,161
180.9,210100096,Collar Los Consejos,bijouterie,383
70.9,210100097,Pendientes Strenght Power,bijouterie,151
85.9,210100098,Aretes Strenght Power,bijouterie,256
75.9,210100111,Estuche Collar + Aretes Sweet Pearlove,bijouterie,20
185.0,210100209,Reloj Hazard RM,bijouterie,118
80.0,210100228,Estuche de Aretes x3 Tendency,bijouterie,183
180.9,210100233,Collar Power Chain,bijouterie,187
200.0,210100273,Reloj Lindeman,bijouterie,19
208.9,210100274,Reloj de Hombre Lucca,bijouterie,331
170.9,210100275,Reloj de Hombre Akron,bijouterie,98
100.0,210100301,Joyero Bella Box,bijouterie,407
95.0,210100412,Estuche Collar + Aretes Relove,bijouterie,356
95.0,210100413,Estuche Collar + Aretes Relove Glam,bijouterie,431
75.9,210100420,Estuche de Aretes x3 Trendchange RM,bijouterie,63
70.9,210100421,Estuche de Aretes x3 My Facets RM,bijouterie,493
100.0,210100473,Pulsera Woman Power,bijouterie,178
220.0,210100795,Reloj de hombre Bulgan RM,bijouterie,285
60.0,210100815,Delineador plumón para cejas Microblading Brow PRO,maquillaje,450
60.0,210100817,Delineador plumón para cejas Microblading Brow PRO,maquillaje,17
225.0,210100850,Reloj de hombre Darcy,bijouterie,406
175.9,210100853,Reloj de hombre Ruggero,bijouterie,29
240.0,210100854,Reloj de mujer Satin Blue,bijouterie,197
208.9,210100856,Reloj de mujer Runway Chic,bijouterie,66
175.9,210100857,Reloj de mujer Bradshaw,bijouterie,373
190.0,210100865,Reloj de mujer Navy Light,bijouterie,122
100.0,210101112,Estuche de Aretes x7 Onde RM,bijouterie,62
123.9,210101292,Estuche Collar + Aretes Night Shine,bijouterie,321
85.9,210101293,Pendientes Night Shine Glam,bijouterie,163
85.9,210101294,Argollas Night Shine,bijouterie,148
85.9,210101295,Estuche de Aretes x4 Night Shine,bijouterie,150
113.9,210101296,Pulsera Night Shine,bijouterie,306
89.9,210101332,Estuche Collar + Aretes Shine Love,bijouterie,419
89.9,210101334,Estuche Collar + Aretes Shine Love Glam,bijouterie,402
123.9,210101347,Estuche Collar + Aretes Starfall,bijouterie,480
123.9,210101349,Estuche Collar + Aretes Pearls Way,bijouterie,53
123.9,210101350,Estuche Collar + Aretes Forever Free,bijouterie,376
123.9,210101351,Estuche Collar + Aretes Radiant Gems,bijouterie,350
123.9,210101352,Estuche Collar + Aretes Blessing Charms,bijouterie,264
123.9,210101372,Pulsera Cosmic Dreams,bijouterie,42
75.9,210101376,Estuche de Aretes x3 Bright Emotion,bijouterie,434
85.9,210101381,Estuche de Aretes x3 Crystal Bliss,bijouterie,320
95.0,210101387,Estuche Collar + Aretes Gold Letter A,bijouterie,312
95.0,210101388,Estuche Collar + Aretes Gold Letter C,bijouterie,59
95.0,210101389,Estuche Collar + Aretes Gold Letter D,bijouterie,165
95.0,210101390,Estuche Collar + Aretes Gold Letter  F,bijouterie,370
95.0,210101391,Estuche Collar + Aretes Gold Letter L,bijouterie,116
95.0,210101392,Estuche Collar + Aretes Gold Letter J,bijouterie,485
95.0,210101393,Estuche Collar + Aretes Gold Letter M,bijouterie,490
95.0,210101394,Estuche Collar + Aretes Gold Letter P,bijouterie,183
95.0,210101395,Estuche Collar + Aretes Gold Letter S,bijouterie,149
95.0,210101396,Estuche Collar + Aretes Gold Letter V,bijouterie,455
100.0,210101402,Argollas Mighty Red,bijouterie,478
120.0,210101403,Pulsera Mighty Red,bijouterie,20
180.9,210101404,Estuche Collar + Aretes Color Prism,bijouterie,104
94.9,210101405,Argollas Color Prism,bijouterie,339
113.9,210101406,Pulsera Color Prism,bijouterie,475
85.9,210101421,Estuche Collar + Aretes Charming Panda,bijouterie,244
75.9,210101422,Estuche de Aretes x4 Charming Panda,bijouterie,119
75.9,210101435,Estuche de Aretes x7 Girl World,bijouterie,423
85.9,210101560,Estuche de Arete x3 Los Besos,bijouterie,360
85.9,210101561,Estuche de Aretes x3 Estrella Greeicy,bijouterie,185
180.9,210101649,Estuche Collar + Aretes Red Prism,bijouterie,178
113.9,210101651,Carterita Little Cute,bijouterie,183
85.9,210101911,Argollas Natural Glow,bijouterie,420
85.9,210101912,Argollas Clasique,bijouterie,256
85.9,210101913,Pendientes Endless Bond,bijouterie,436
85.9,210101914,Estuche de Aretes x3 Shinning Feel,bijouterie,247
89.9,210102170,Collar Power Red,bijouterie,305
85.9,210102638,Estuche de Aretes x7 Neviss RM,bijouterie,170
